"rid","usrid"
701653049,701652934
701653088,701652934
701653673,701652934
701653750,701652934
701654000,701652934
701654558,701652934
701654658,701652934
701654701,701652934
701654748,701652934
701654752,701652934
701654757,701652934
701654761,701652934
701654810,701652934
701654843,701652934
701654854,701652934
701654874,701652934
701654882,701652934
701654900,701652934
701654945,701652934
701654985,701652934
701655121,701652934
701655186,701652934
701655278,701652934
701655563,701652934
701656013,701652934
701656058,701652934
701656068,701652934
701653088,701653049
701653673,701653049
701653750,701653049
701654000,701653049
701654558,701653049
701654658,701653049
701654701,701653049
701654748,701653049
701654752,701653049
701654757,701653049
701654761,701653049
701654810,701653049
701654843,701653049
701654854,701653049
701654874,701653049
701654882,701653049
701654900,701653049
701654945,701653049
701654985,701653049
701655121,701653049
701655186,701653049
701655278,701653049
701655563,701653049
701656013,701653049
701656058,701653049
701656068,701653049
701653673,701653088
701653750,701653088
701654000,701653088
701654558,701653088
701654658,701653088
701654701,701653088
701654748,701653088
701654752,701653088
701654757,701653088
701654761,701653088
701654810,701653088
701654843,701653088
701654854,701653088
701654874,701653088
701654882,701653088
701654900,701653088
701654945,701653088
701654985,701653088
701655121,701653088
701655186,701653088
701655278,701653088
701655563,701653088
701656013,701653088
701656058,701653088
701656068,701653088
701653750,701653673
701654000,701653673
701654558,701653673
701654658,701653673
701654701,701653673
701654748,701653673
701654752,701653673
701654757,701653673
701654761,701653673
701654810,701653673
701654843,701653673
701654854,701653673
701654874,701653673
701654882,701653673
701654900,701653673
701654945,701653673
701654985,701653673
701655121,701653673
701655186,701653673
701655278,701653673
701655563,701653673
701656013,701653673
701656058,701653673
701656068,701653673
701653750,701653675
701654000,701653675
701654558,701653675
701654658,701653675
701654701,701653675
701654748,701653675
701654752,701653675
701654757,701653675
701654761,701653675
701654810,701653675
701654843,701653675
701654854,701653675
701654874,701653675
701654882,701653675
701654900,701653675
701654945,701653675
701654985,701653675
701655121,701653675
701655186,701653675
701655278,701653675
701655563,701653675
701656013,701653675
701656058,701653675
701656068,701653675
701654000,701653748
701654558,701653748
701654658,701653748
701654701,701653748
701654748,701653748
701654752,701653748
701654757,701653748
701654761,701653748
701654810,701653748
701654843,701653748
701654854,701653748
701654874,701653748
701654882,701653748
701654900,701653748
701654945,701653748
701654985,701653748
701655121,701653748
701655186,701653748
701655278,701653748
701655563,701653748
701656013,701653748
701656058,701653748
701656068,701653748
701654000,701653750
701654558,701653750
701654658,701653750
701654701,701653750
701654748,701653750
701654752,701653750
701654757,701653750
701654761,701653750
701654810,701653750
701654843,701653750
701654854,701653750
701654874,701653750
701654882,701653750
701654900,701653750
701654945,701653750
701654985,701653750
701655121,701653750
701655186,701653750
701655278,701653750
701655563,701653750
701656013,701653750
701656058,701653750
701656068,701653750
701653675,701653827
701653750,701653827
701654000,701653827
701654558,701653827
701654658,701653827
701654701,701653827
701654748,701653827
701654752,701653827
701654757,701653827
701654761,701653827
701654810,701653827
701654843,701653827
701654854,701653827
701654874,701653827
701654882,701653827
701654900,701653827
701654945,701653827
701654985,701653827
701655121,701653827
701655186,701653827
701655278,701653827
701655563,701653827
701656013,701653827
701656058,701653827
701656068,701653827
701653675,701653830
701653750,701653830
701654000,701653830
701654558,701653830
701654658,701653830
701654701,701653830
701654748,701653830
701654752,701653830
701654757,701653830
701654761,701653830
701654810,701653830
701654843,701653830
701654854,701653830
701654874,701653830
701654882,701653830
701654900,701653830
701654945,701653830
701654985,701653830
701655121,701653830
701655186,701653830
701655278,701653830
701655563,701653830
701656013,701653830
701656058,701653830
701656068,701653830
701653893,701653868
701653972,701653868
701654558,701653868
701654658,701653868
701654701,701653868
701654748,701653868
701654752,701653868
701654757,701653868
701654761,701653868
701654810,701653868
701654843,701653868
701654854,701653868
701654874,701653868
701654882,701653868
701654900,701653868
701654945,701653868
701654985,701653868
701655121,701653868
701655186,701653868
701655278,701653868
701655563,701653868
701656013,701653868
701656058,701653868
701656068,701653868
701653972,701653893
701654558,701653893
701654658,701653893
701654701,701653893
701654748,701653893
701654752,701653893
701654757,701653893
701654761,701653893
701654810,701653893
701654843,701653893
701654854,701653893
701654874,701653893
701654882,701653893
701654900,701653893
701654945,701653893
701654985,701653893
701655121,701653893
701655186,701653893
701655278,701653893
701655563,701653893
701656013,701653893
701656058,701653893
701656068,701653893
701653972,701653894
701654558,701653894
701654658,701653894
701654701,701653894
701654748,701653894
701654752,701653894
701654757,701653894
701654761,701653894
701654810,701653894
701654843,701653894
701654854,701653894
701654874,701653894
701654882,701653894
701654900,701653894
701654945,701653894
701654985,701653894
701655121,701653894
701655186,701653894
701655278,701653894
701655563,701653894
701656013,701653894
701656058,701653894
701656068,701653894
701653868,701653915
701653893,701653915
701653972,701653915
701654558,701653915
701654658,701653915
701654701,701653915
701654748,701653915
701654752,701653915
701654757,701653915
701654761,701653915
701654810,701653915
701654843,701653915
701654854,701653915
701654874,701653915
701654882,701653915
701654900,701653915
701654945,701653915
701654985,701653915
701655121,701653915
701655186,701653915
701655278,701653915
701655563,701653915
701656013,701653915
701656058,701653915
701656068,701653915
701653868,701653956
701653893,701653956
701653915,701653956
701653972,701653956
701654558,701653956
701654658,701653956
701654701,701653956
701654748,701653956
701654752,701653956
701654757,701653956
701654761,701653956
701654810,701653956
701654843,701653956
701654854,701653956
701654874,701653956
701654882,701653956
701654900,701653956
701654945,701653956
701654985,701653956
701655121,701653956
701655186,701653956
701655278,701653956
701655563,701653956
701656013,701653956
701656058,701653956
701656068,701653956
701653675,701653960
701653750,701653960
701653827,701653960
701654000,701653960
701654558,701653960
701654658,701653960
701654701,701653960
701654748,701653960
701654752,701653960
701654757,701653960
701654761,701653960
701654810,701653960
701654843,701653960
701654854,701653960
701654874,701653960
701654882,701653960
701654900,701653960
701654945,701653960
701654985,701653960
701655121,701653960
701655186,701653960
701655278,701653960
701655563,701653960
701656013,701653960
701656058,701653960
701656068,701653960
701654558,701653972
701654658,701653972
701654701,701653972
701654748,701653972
701654752,701653972
701654757,701653972
701654761,701653972
701654810,701653972
701654843,701653972
701654854,701653972
701654874,701653972
701654882,701653972
701654900,701653972
701654945,701653972
701654985,701653972
701655121,701653972
701655186,701653972
701655278,701653972
701655563,701653972
701656013,701653972
701656058,701653972
701656068,701653972
701653675,701653977
701653750,701653977
701653827,701653977
701654000,701653977
701654558,701653977
701654658,701653977
701654701,701653977
701654748,701653977
701654752,701653977
701654757,701653977
701654761,701653977
701654810,701653977
701654843,701653977
701654854,701653977
701654874,701653977
701654882,701653977
701654900,701653977
701654945,701653977
701654985,701653977
701655121,701653977
701655186,701653977
701655278,701653977
701655563,701653977
701656013,701653977
701656058,701653977
701656068,701653977
701654558,701654000
701654658,701654000
701654701,701654000
701654748,701654000
701654752,701654000
701654757,701654000
701654761,701654000
701654810,701654000
701654843,701654000
701654854,701654000
701654874,701654000
701654882,701654000
701654900,701654000
701654945,701654000
701654985,701654000
701655121,701654000
701655186,701654000
701655278,701654000
701655563,701654000
701656013,701654000
701656058,701654000
701656068,701654000
701653675,701654002
701653750,701654002
701653827,701654002
701653977,701654002
701654000,701654002
701654558,701654002
701654658,701654002
701654701,701654002
701654748,701654002
701654752,701654002
701654757,701654002
701654761,701654002
701654810,701654002
701654843,701654002
701654854,701654002
701654874,701654002
701654882,701654002
701654900,701654002
701654945,701654002
701654985,701654002
701655121,701654002
701655186,701654002
701655278,701654002
701655563,701654002
701656013,701654002
701656058,701654002
701656068,701654002
701653675,701654069
701653750,701654069
701653827,701654069
701653977,701654069
701654000,701654069
701654002,701654069
701654558,701654069
701654658,701654069
701654701,701654069
701654748,701654069
701654752,701654069
701654757,701654069
701654761,701654069
701654810,701654069
701654843,701654069
701654854,701654069
701654874,701654069
701654882,701654069
701654900,701654069
701654945,701654069
701654985,701654069
701655121,701654069
701655186,701654069
701655278,701654069
701655563,701654069
701656013,701654069
701656058,701654069
701656068,701654069
701653675,701654094
701653750,701654094
701653827,701654094
701653977,701654094
701654000,701654094
701654002,701654094
701654069,701654094
701654558,701654094
701654658,701654094
701654701,701654094
701654748,701654094
701654752,701654094
701654757,701654094
701654761,701654094
701654810,701654094
701654843,701654094
701654854,701654094
701654874,701654094
701654882,701654094
701654900,701654094
701654945,701654094
701654985,701654094
701655121,701654094
701655186,701654094
701655278,701654094
701655563,701654094
701656013,701654094
701656058,701654094
701656068,701654094
701653868,701654131
701653893,701654131
701653915,701654131
701653972,701654131
701654558,701654131
701654658,701654131
701654701,701654131
701654748,701654131
701654752,701654131
701654757,701654131
701654761,701654131
701654810,701654131
701654843,701654131
701654854,701654131
701654874,701654131
701654882,701654131
701654900,701654131
701654945,701654131
701654985,701654131
701655121,701654131
701655186,701654131
701655278,701654131
701655563,701654131
701656013,701654131
701656058,701654131
701656068,701654131
701654263,701654164
701654280,701654164
701654592,701654164
701654763,701654164
701654810,701654164
701654843,701654164
701654900,701654164
701654945,701654164
701654985,701654164
701655121,701654164
701655186,701654164
701655278,701654164
701655563,701654164
701656013,701654164
701656058,701654164
701656068,701654164
701654280,701654263
701654592,701654263
701654763,701654263
701654810,701654263
701654843,701654263
701654900,701654263
701654945,701654263
701654985,701654263
701655121,701654263
701655186,701654263
701655278,701654263
701655563,701654263
701656013,701654263
701656058,701654263
701656068,701654263
701654592,701654280
701654763,701654280
701654810,701654280
701654843,701654280
701654900,701654280
701654945,701654280
701654985,701654280
701655121,701654280
701655186,701654280
701655278,701654280
701655563,701654280
701656013,701654280
701656058,701654280
701656068,701654280
701654750,701654326
701654757,701654326
701654761,701654326
701654810,701654326
701654843,701654326
701654900,701654326
701654945,701654326
701654985,701654326
701655121,701654326
701655186,701654326
701655278,701654326
701655563,701654326
701656013,701654326
701656058,701654326
701656068,701654326
701654658,701654397
701654669,701654397
701654674,701654397
701654679,701654397
701654701,701654397
701654748,701654397
701654752,701654397
701654757,701654397
701654761,701654397
701654810,701654397
701654843,701654397
701654854,701654397
701654874,701654397
701654882,701654397
701654900,701654397
701654945,701654397
701654985,701654397
701655121,701654397
701655186,701654397
701655278,701654397
701655563,701654397
701656013,701654397
701656058,701654397
701656068,701654397
701654658,701654558
701654701,701654558
701654748,701654558
701654752,701654558
701654757,701654558
701654761,701654558
701654810,701654558
701654843,701654558
701654854,701654558
701654874,701654558
701654882,701654558
701654900,701654558
701654945,701654558
701654985,701654558
701655121,701654558
701655186,701654558
701655278,701654558
701655563,701654558
701656013,701654558
701656058,701654558
701656068,701654558
701654584,701654566
701654594,701654566
701654763,701654566
701654810,701654566
701654843,701654566
701654900,701654566
701654945,701654566
701654985,701654566
701655121,701654566
701655186,701654566
701655278,701654566
701655563,701654566
701656013,701654566
701656058,701654566
701656068,701654566
701654566,701654580
701654584,701654580
701654594,701654580
701654763,701654580
701654810,701654580
701654843,701654580
701654900,701654580
701654945,701654580
701654985,701654580
701655121,701654580
701655186,701654580
701655278,701654580
701655563,701654580
701656013,701654580
701656058,701654580
701656068,701654580
701654594,701654584
701654763,701654584
701654810,701654584
701654843,701654584
701654900,701654584
701654945,701654584
701654985,701654584
701655121,701654584
701655186,701654584
701655278,701654584
701655563,701654584
701656013,701654584
701656058,701654584
701656068,701654584
701654763,701654592
701654810,701654592
701654843,701654592
701654900,701654592
701654945,701654592
701654985,701654592
701655121,701654592
701655186,701654592
701655278,701654592
701655563,701654592
701656013,701654592
701656058,701654592
701656068,701654592
701654763,701654594
701654810,701654594
701654843,701654594
701654900,701654594
701654945,701654594
701654985,701654594
701655121,701654594
701655186,701654594
701655278,701654594
701655563,701654594
701656013,701654594
701656058,701654594
701656068,701654594
701654660,701654610
701654701,701654610
701654748,701654610
701654752,701654610
701654757,701654610
701654761,701654610
701654810,701654610
701654843,701654610
701654854,701654610
701654874,701654610
701654882,701654610
701654900,701654610
701654945,701654610
701654985,701654610
701655121,701654610
701655186,701654610
701655278,701654610
701655563,701654610
701656013,701654610
701656058,701654610
701656068,701654610
701654701,701654658
701654748,701654658
701654752,701654658
701654757,701654658
701654761,701654658
701654810,701654658
701654843,701654658
701654854,701654658
701654874,701654658
701654882,701654658
701654900,701654658
701654945,701654658
701654985,701654658
701655121,701654658
701655186,701654658
701655278,701654658
701655563,701654658
701656013,701654658
701656058,701654658
701656068,701654658
701654701,701654660
701654748,701654660
701654752,701654660
701654757,701654660
701654761,701654660
701654810,701654660
701654843,701654660
701654854,701654660
701654874,701654660
701654882,701654660
701654900,701654660
701654945,701654660
701654985,701654660
701655121,701654660
701655186,701654660
701655278,701654660
701655563,701654660
701656013,701654660
701656058,701654660
701656068,701654660
701654658,701654669
701654701,701654669
701654748,701654669
701654752,701654669
701654757,701654669
701654761,701654669
701654810,701654669
701654843,701654669
701654854,701654669
701654874,701654669
701654882,701654669
701654900,701654669
701654945,701654669
701654985,701654669
701655121,701654669
701655186,701654669
701655278,701654669
701655563,701654669
701656013,701654669
701656058,701654669
701656068,701654669
701654658,701654674
701654669,701654674
701654701,701654674
701654748,701654674
701654752,701654674
701654757,701654674
701654761,701654674
701654810,701654674
701654843,701654674
701654854,701654674
701654874,701654674
701654882,701654674
701654900,701654674
701654945,701654674
701654985,701654674
701655121,701654674
701655186,701654674
701655278,701654674
701655563,701654674
701656013,701654674
701656058,701654674
701656068,701654674
701654658,701654679
701654669,701654679
701654674,701654679
701654701,701654679
701654748,701654679
701654752,701654679
701654757,701654679
701654761,701654679
701654810,701654679
701654843,701654679
701654854,701654679
701654874,701654679
701654882,701654679
701654900,701654679
701654945,701654679
701654985,701654679
701655121,701654679
701655186,701654679
701655278,701654679
701655563,701654679
701656013,701654679
701656058,701654679
701656068,701654679
701654748,701654701
701654752,701654701
701654757,701654701
701654761,701654701
701654810,701654701
701654843,701654701
701654854,701654701
701654874,701654701
701654882,701654701
701654900,701654701
701654945,701654701
701654985,701654701
701655121,701654701
701655186,701654701
701655278,701654701
701655563,701654701
701656013,701654701
701656058,701654701
701656068,701654701
701654748,701654702
701654752,701654702
701654757,701654702
701654761,701654702
701654810,701654702
701654843,701654702
701654854,701654702
701654874,701654702
701654882,701654702
701654900,701654702
701654945,701654702
701654985,701654702
701655121,701654702
701655186,701654702
701655278,701654702
701655563,701654702
701656013,701654702
701656058,701654702
701656068,701654702
701654748,701654714
701654752,701654714
701654757,701654714
701654761,701654714
701654810,701654714
701654843,701654714
701654874,701654714
701654900,701654714
701654945,701654714
701654985,701654714
701655121,701654714
701655151,701654714
701655186,701654714
701655198,701654714
701655278,701654714
701655563,701654714
701656013,701654714
701656058,701654714
701656068,701654714
701654748,701654729
701654752,701654729
701654757,701654729
701654758,701654729
701654761,701654729
701654810,701654729
701654843,701654729
701654900,701654729
701654945,701654729
701654985,701654729
701655121,701654729
701655186,701654729
701655278,701654729
701655563,701654729
701656013,701654729
701656058,701654729
701656068,701654729
701654743,701654731
701654748,701654731
701654752,701654731
701654757,701654731
701654758,701654731
701654761,701654731
701654810,701654731
701654843,701654731
701654900,701654731
701654945,701654731
701654985,701654731
701655121,701654731
701655186,701654731
701655278,701654731
701655563,701654731
701656013,701654731
701656058,701654731
701656068,701654731
701654743,701654733
701654748,701654733
701654752,701654733
701654757,701654733
701654758,701654733
701654761,701654733
701654810,701654733
701654843,701654733
701654900,701654733
701654945,701654733
701654985,701654733
701655121,701654733
701655186,701654733
701655278,701654733
701655563,701654733
701656013,701654733
701656058,701654733
701656068,701654733
701654752,701654736
701654757,701654736
701654761,701654736
701654810,701654736
701654843,701654736
701654900,701654736
701654945,701654736
701654985,701654736
701655121,701654736
701655186,701654736
701655278,701654736
701655563,701654736
701656013,701654736
701656058,701654736
701656068,701654736
701654748,701654743
701654752,701654743
701654757,701654743
701654758,701654743
701654761,701654743
701654810,701654743
701654843,701654743
701654900,701654743
701654945,701654743
701654985,701654743
701655121,701654743
701655186,701654743
701655278,701654743
701655563,701654743
701656013,701654743
701656058,701654743
701656068,701654743
701654752,701654748
701654757,701654748
701654761,701654748
701654810,701654748
701654843,701654748
701654900,701654748
701654945,701654748
701654985,701654748
701655121,701654748
701655186,701654748
701655278,701654748
701655563,701654748
701656013,701654748
701656058,701654748
701656068,701654748
701654757,701654750
701654761,701654750
701654810,701654750
701654843,701654750
701654900,701654750
701654945,701654750
701654985,701654750
701655121,701654750
701655186,701654750
701655278,701654750
701655563,701654750
701656013,701654750
701656058,701654750
701656068,701654750
701654757,701654752
701654761,701654752
701654810,701654752
701654843,701654752
701654900,701654752
701654945,701654752
701654985,701654752
701655121,701654752
701655186,701654752
701655278,701654752
701655563,701654752
701656013,701654752
701656058,701654752
701656068,701654752
701654761,701654757
701654810,701654757
701654843,701654757
701654900,701654757
701654945,701654757
701654985,701654757
701655121,701654757
701655186,701654757
701655278,701654757
701655563,701654757
701656013,701654757
701656058,701654757
701656068,701654757
701654748,701654758
701654752,701654758
701654757,701654758
701654761,701654758
701654810,701654758
701654843,701654758
701654900,701654758
701654945,701654758
701654985,701654758
701655121,701654758
701655186,701654758
701655278,701654758
701655563,701654758
701656013,701654758
701656058,701654758
701656068,701654758
701654810,701654761
701654843,701654761
701654900,701654761
701654945,701654761
701654985,701654761
701655121,701654761
701655186,701654761
701655278,701654761
701655563,701654761
701656013,701654761
701656058,701654761
701656068,701654761
701654810,701654763
701654843,701654763
701654900,701654763
701654945,701654763
701654985,701654763
701655121,701654763
701655186,701654763
701655278,701654763
701655563,701654763
701656013,701654763
701656058,701654763
701656068,701654763
701654761,701654780
701654810,701654780
701654843,701654780
701654900,701654780
701654945,701654780
701654985,701654780
701655121,701654780
701655186,701654780
701655278,701654780
701655563,701654780
701656013,701654780
701656058,701654780
701656068,701654780
701654761,701654792
701654780,701654792
701654810,701654792
701654843,701654792
701654900,701654792
701654945,701654792
701654985,701654792
701655121,701654792
701655186,701654792
701655278,701654792
701655563,701654792
701656013,701654792
701656058,701654792
701656068,701654792
701654843,701654810
701654900,701654810
701654945,701654810
701654985,701654810
701655121,701654810
701655186,701654810
701655278,701654810
701655563,701654810
701656013,701654810
701656058,701654810
701656068,701654810
701654843,701654812
701654900,701654812
701654945,701654812
701654985,701654812
701655121,701654812
701655186,701654812
701655278,701654812
701655563,701654812
701656013,701654812
701656058,701654812
701656068,701654812
701654900,701654843
701654945,701654843
701654985,701654843
701655121,701654843
701655186,701654843
701655278,701654843
701655563,701654843
701656013,701654843
701656058,701654843
701656068,701654843
701654900,701654844
701654945,701654844
701654985,701654844
701655121,701654844
701655186,701654844
701655278,701654844
701655563,701654844
701656013,701654844
701656058,701654844
701656068,701654844
701654748,701654854
701654752,701654854
701654757,701654854
701654761,701654854
701654810,701654854
701654843,701654854
701654874,701654854
701654882,701654854
701654900,701654854
701654945,701654854
701654985,701654854
701655121,701654854
701655186,701654854
701655278,701654854
701655563,701654854
701656013,701654854
701656058,701654854
701656068,701654854
701654864,701654857
701654902,701654857
701654945,701654857
701654985,701654857
701655121,701654857
701655186,701654857
701655278,701654857
701655563,701654857
701656013,701654857
701656058,701654857
701656068,701654857
701654902,701654864
701654945,701654864
701654985,701654864
701655121,701654864
701655186,701654864
701655278,701654864
701655563,701654864
701656013,701654864
701656058,701654864
701656068,701654864
701654748,701654874
701654752,701654874
701654757,701654874
701654761,701654874
701654810,701654874
701654843,701654874
701654900,701654874
701654945,701654874
701654985,701654874
701655121,701654874
701655186,701654874
701655278,701654874
701655563,701654874
701656013,701654874
701656058,701654874
701656068,701654874
701654748,701654882
701654752,701654882
701654757,701654882
701654761,701654882
701654810,701654882
701654843,701654882
701654874,701654882
701654900,701654882
701654945,701654882
701654985,701654882
701655121,701654882
701655186,701654882
701655278,701654882
701655563,701654882
701656013,701654882
701656058,701654882
701656068,701654882
701654945,701654900
701654985,701654900
701655121,701654900
701655186,701654900
701655278,701654900
701655563,701654900
701656013,701654900
701656058,701654900
701656068,701654900
701654945,701654902
701654985,701654902
701655121,701654902
701655186,701654902
701655278,701654902
701655563,701654902
701656013,701654902
701656058,701654902
701656068,701654902
701654761,701654907
701654780,701654907
701654810,701654907
701654843,701654907
701654900,701654907
701654945,701654907
701654985,701654907
701655121,701654907
701655186,701654907
701655278,701654907
701655563,701654907
701656013,701654907
701656058,701654907
701656068,701654907
701654985,701654945
701655121,701654945
701655186,701654945
701655278,701654945
701655563,701654945
701656013,701654945
701656058,701654945
701656068,701654945
701654985,701654956
701655121,701654956
701655186,701654956
701655278,701654956
701655563,701654956
701656013,701654956
701656058,701654956
701656068,701654956
701654956,701654958
701654962,701654958
701654964,701654958
701654985,701654958
701655121,701654958
701655186,701654958
701655278,701654958
701655563,701654958
701656013,701654958
701656058,701654958
701656068,701654958
701654956,701654962
701654985,701654962
701655121,701654962
701655186,701654962
701655278,701654962
701655563,701654962
701656013,701654962
701656058,701654962
701656068,701654962
701654956,701654964
701654962,701654964
701654985,701654964
701655121,701654964
701655186,701654964
701655278,701654964
701655563,701654964
701656013,701654964
701656058,701654964
701656068,701654964
701655121,701654985
701655186,701654985
701655278,701654985
701655563,701654985
701656013,701654985
701656058,701654985
701656068,701654985
701654748,701655020
701654752,701655020
701654757,701655020
701654761,701655020
701654810,701655020
701654843,701655020
701654874,701655020
701654882,701655020
701654900,701655020
701654945,701655020
701654985,701655020
701655121,701655020
701655186,701655020
701655278,701655020
701655563,701655020
701656013,701655020
701656058,701655020
701656068,701655020
701655121,701655034
701655186,701655034
701655278,701655034
701655563,701655034
701656013,701655034
701656058,701655034
701656068,701655034
701655034,701655048
701655121,701655048
701655186,701655048
701655278,701655048
701655563,701655048
701656013,701655048
701656058,701655048
701656068,701655048
701655186,701655121
701655278,701655121
701655563,701655121
701656013,701655121
701656058,701655121
701656068,701655121
701655186,701655141
701655278,701655141
701655563,701655141
701656013,701655141
701656058,701655141
701656068,701655141
701655141,701655147
701655186,701655147
701655278,701655147
701655563,701655147
701656013,701655147
701656058,701655147
701656068,701655147
701654748,701655151
701654752,701655151
701654757,701655151
701654761,701655151
701654810,701655151
701654843,701655151
701654874,701655151
701654900,701655151
701654945,701655151
701654985,701655151
701655121,701655151
701655186,701655151
701655278,701655151
701655563,701655151
701656013,701655151
701656058,701655151
701656068,701655151
701655141,701655154
701655147,701655154
701655186,701655154
701655278,701655154
701655563,701655154
701656013,701655154
701656058,701655154
701656068,701655154
701655219,701655173
701655222,701655173
701655241,701655173
701655242,701655173
701655276,701655173
701655563,701655173
701656013,701655173
701656058,701655173
701656068,701655173
701655141,701655176
701655147,701655176
701655154,701655176
701655186,701655176
701655278,701655176
701655563,701655176
701656013,701655176
701656058,701655176
701656068,701655176
701655141,701655177
701655186,701655177
701655278,701655177
701655563,701655177
701656013,701655177
701656058,701655177
701656068,701655177
701655141,701655180
701655147,701655180
701655154,701655180
701655176,701655180
701655186,701655180
701655278,701655180
701655563,701655180
701656013,701655180
701656058,701655180
701656068,701655180
701655190,701655183
701655191,701655183
701655278,701655183
701655563,701655183
701656013,701655183
701656058,701655183
701656068,701655183
701655278,701655186
701655563,701655186
701656013,701655186
701656058,701655186
701656068,701655186
701655191,701655190
701655278,701655190
701655563,701655190
701656013,701655190
701656058,701655190
701656068,701655190
701655278,701655191
701655563,701655191
701656013,701655191
701656058,701655191
701656068,701655191
701655141,701655194
701655177,701655194
701655186,701655194
701655278,701655194
701655563,701655194
701656013,701655194
701656058,701655194
701656068,701655194
701654748,701655198
701654752,701655198
701654757,701655198
701654761,701655198
701654810,701655198
701654843,701655198
701654874,701655198
701654900,701655198
701654945,701655198
701654985,701655198
701655121,701655198
701655151,701655198
701655186,701655198
701655278,701655198
701655563,701655198
701656013,701655198
701656058,701655198
701656068,701655198
701655183,701655200
701655190,701655200
701655191,701655200
701655278,701655200
701655563,701655200
701656013,701655200
701656058,701655200
701656068,701655200
701655218,701655214
701655219,701655214
701655276,701655214
701655563,701655214
701656013,701655214
701656058,701655214
701656068,701655214
701655219,701655218
701655276,701655218
701655563,701655218
701656013,701655218
701656058,701655218
701656068,701655218
701655276,701655219
701655563,701655219
701656013,701655219
701656058,701655219
701656068,701655219
701655219,701655222
701655276,701655222
701655563,701655222
701656013,701655222
701656058,701655222
701656068,701655222
701654748,701655225
701654752,701655225
701654757,701655225
701654761,701655225
701654810,701655225
701654843,701655225
701654874,701655225
701654900,701655225
701654945,701655225
701654985,701655225
701655121,701655225
701655151,701655225
701655186,701655225
701655278,701655225
701655563,701655225
701656013,701655225
701656058,701655225
701656068,701655225
701655219,701655241
701655222,701655241
701655276,701655241
701655563,701655241
701656013,701655241
701656058,701655241
701656068,701655241
701655219,701655242
701655222,701655242
701655241,701655242
701655276,701655242
701655563,701655242
701656013,701655242
701656058,701655242
701656068,701655242
701655219,701655256
701655222,701655256
701655241,701655256
701655276,701655256
701655563,701655256
701656013,701655256
701656058,701655256
701656068,701655256
701655219,701655260
701655222,701655260
701655241,701655260
701655256,701655260
701655276,701655260
701655563,701655260
701656013,701655260
701656058,701655260
701656068,701655260
701655477,701655269
701655509,701655269
701655559,701655269
701655851,701655269
701655852,701655269
701656053,701655269
701656060,701655269
701656068,701655269
701655563,701655276
701656013,701655276
701656058,701655276
701656068,701655276
701655563,701655278
701656013,701655278
701656058,701655278
701656068,701655278
701654748,701655279
701654752,701655279
701654757,701655279
701654761,701655279
701654810,701655279
701654843,701655279
701654874,701655279
701654900,701655279
701654945,701655279
701654985,701655279
701655121,701655279
701655151,701655279
701655186,701655279
701655225,701655279
701655278,701655279
701655563,701655279
701656013,701655279
701656058,701655279
701656068,701655279
701654748,701655301
701654752,701655301
701654757,701655301
701654761,701655301
701654810,701655301
701654843,701655301
701654874,701655301
701654900,701655301
701654945,701655301
701654985,701655301
701655121,701655301
701655151,701655301
701655186,701655301
701655225,701655301
701655278,701655301
701655279,701655301
701655563,701655301
701656013,701655301
701656058,701655301
701656068,701655301
701654748,701655353
701654752,701655353
701654757,701655353
701654761,701655353
701654810,701655353
701654843,701655353
701654874,701655353
701654900,701655353
701654945,701655353
701654985,701655353
701655121,701655353
701655151,701655353
701655186,701655353
701655225,701655353
701655278,701655353
701655279,701655353
701655301,701655353
701655563,701655353
701656013,701655353
701656058,701655353
701656068,701655353
701655472,701655457
701655481,701655457
701655509,701655457
701655559,701655457
701655851,701655457
701655852,701655457
701656053,701655457
701656060,701655457
701656068,701655457
701655481,701655472
701655509,701655472
701655559,701655472
701655851,701655472
701655852,701655472
701656053,701655472
701656060,701655472
701656068,701655472
701655509,701655477
701655559,701655477
701655851,701655477
701655852,701655477
701656053,701655477
701656060,701655477
701656068,701655477
701655509,701655481
701655559,701655481
701655851,701655481
701655852,701655481
701656053,701655481
701656060,701655481
701656068,701655481
701655559,701655509
701655851,701655509
701655852,701655509
701656053,701655509
701656060,701655509
701656068,701655509
701655559,701655511
701655851,701655511
701655852,701655511
701656053,701655511
701656060,701655511
701656068,701655511
701655851,701655559
701655852,701655559
701656053,701655559
701656060,701655559
701656068,701655559
701655851,701655560
701655852,701655560
701656053,701655560
701656060,701655560
701656068,701655560
701656013,701655561
701656058,701655561
701656068,701655561
701656013,701655563
701656058,701655563
701656068,701655563
701655560,701655728
701655851,701655728
701655852,701655728
701656053,701655728
701656060,701655728
701656068,701655728
701655560,701655747
701655728,701655747
701655851,701655747
701655852,701655747
701656053,701655747
701656060,701655747
701656068,701655747
701655560,701655762
701655728,701655762
701655747,701655762
701655851,701655762
701655852,701655762
701656053,701655762
701656060,701655762
701656068,701655762
701656053,701655851
701656060,701655851
701656068,701655851
701655851,701655852
701656053,701655852
701656060,701655852
701656068,701655852
701655560,701655926
701655728,701655926
701655747,701655926
701655762,701655926
701655851,701655926
701655852,701655926
701656053,701655926
701656060,701655926
701656068,701655926
701656001,701655994
701656007,701655994
701656015,701655994
701656058,701655994
701656068,701655994
701656007,701656001
701656015,701656001
701656058,701656001
701656068,701656001
701656015,701656007
701656058,701656007
701656068,701656007
701656058,701656013
701656068,701656013
701656058,701656015
701656068,701656015
701656060,701656053
701656068,701656053
701656068,701656058
701656068,701656060
701656060,701656076
701656068,701656076
701653049,701653049
701653088,701653088
701653673,701653673
701653750,701653750
701654000,701654000
701654558,701654558
701654658,701654658
701654701,701654701
701654748,701654748
701654752,701654752
701654757,701654757
701654761,701654761
701654810,701654810
701654843,701654843
701654854,701654854
701654874,701654874
701654882,701654882
701654900,701654900
701654945,701654945
701654985,701654985
701655121,701655121
701655186,701655186
701655278,701655278
701655563,701655563
701656013,701656013
701656058,701656058
701656068,701656068
701653675,701653675
701653893,701653893
701653972,701653972
701653868,701653868
701653915,701653915
701653827,701653827
701653977,701653977
701654002,701654002
701654069,701654069
701654263,701654263
701654280,701654280
701654592,701654592
701654763,701654763
701654750,701654750
701654669,701654669
701654674,701654674
701654679,701654679
701654584,701654584
701654594,701654594
701654566,701654566
701654660,701654660
701655151,701655151
701655198,701655198
701654758,701654758
701654743,701654743
701654780,701654780
701654864,701654864
701654902,701654902
701654956,701654956
701654962,701654962
701654964,701654964
701655034,701655034
701655141,701655141
701655147,701655147
701655219,701655219
701655222,701655222
701655241,701655241
701655242,701655242
701655276,701655276
701655154,701655154
701655176,701655176
701655190,701655190
701655191,701655191
701655177,701655177
701655183,701655183
701655218,701655218
701655256,701655256
701655477,701655477
701655509,701655509
701655559,701655559
701655851,701655851
701655852,701655852
701656053,701656053
701656060,701656060
701655225,701655225
701655279,701655279
701655301,701655301
701655472,701655472
701655481,701655481
701655560,701655560
701655728,701655728
701655747,701655747
701655762,701655762
701656001,701656001
701656007,701656007
701656015,701656015
701654736,701654736
701654729,701654729
701654326,701654326
701654731,701654731
701654907,701654907
701654714,701654714
701654812,701654812
701654131,701654131
701655353,701655353
701655020,701655020
701654580,701654580
701654164,701654164
701654958,701654958
701655994,701655994
701654733,701654733
701654397,701654397
701655214,701655214
701655457,701655457
701653960,701653960
701653956,701653956
701654792,701654792
701655561,701655561
701653894,701653894
701655173,701655173
701655194,701655194
701652934,701652934
701653830,701653830
701654610,701654610
701655048,701655048
701654844,701654844
701654094,701654094
701654857,701654857
701654702,701654702
701655926,701655926
701655260,701655260
701655200,701655200
701653748,701653748
701655511,701655511
701656076,701656076
701655180,701655180
701655269,701655269
